<?xml version="1.0" encoding="utf-8"?>
<unattend 
	xmlns="urn:schemas-microsoft-com:unattend">
	<settings pass="windowsPE">
		<component name="Microsoft-Windows-International-Core-WinPE" processorArchitecture="amd64" publicKeyToken="31bf3856ad364e35" language="neutral" versionScope="nonSxS" 
			xmlns:wcm="http://schemas.microsoft.com/WMIConfig/2002/State" 
			xmlns:xsi="http://www.w3.org/2001/XMLSchema-instance">
			<SetupUILanguage>
				<UILanguage>en-US</UILanguage>
			</SetupUILanguage>
			<InputLocale>0409:00000409</InputLocale>
			<SystemLocale>en-US</SystemLocale>
			<UILanguage>en-US</UILanguage>
			<UILanguageFallback>en-US</UILanguageFallback>
			<UserLocale>en-US</UserLocale>
		</component>
		<component name="Microsoft-Windows-Setup" processorArchitecture="amd64" publicKeyToken="31bf3856ad364e35" language="neutral" versionScope="nonSxS" 
			xmlns:wcm="http://schemas.microsoft.com/WMIConfig/2002/State" 
			xmlns:xsi="http://www.w3.org/2001/XMLSchema-instance">
			<DiskConfiguration>
				<Disk wcm:action="add">
					<CreatePartitions>
						<CreatePartition wcm:action="add">
							<Order>1</Order>
							<Type>Primary</Type>
							<Size>100</Size>
						</CreatePartition>
						<CreatePartition wcm:action="add">
							<Extend>true</Extend>
							<Order>2</Order>
							<Type>Primary</Type>
						</CreatePartition>
					</CreatePartitions>
					<ModifyPartitions>
						<ModifyPartition wcm:action="add">
							<Active>true</Active>
							<Format>NTFS</Format>
							<Label>System Reserved</Label>
							<Order>1</Order>
							<PartitionID>1</PartitionID>
							<TypeID>0x27</TypeID>
						</ModifyPartition>
						<ModifyPartition wcm:action="add">
							<Active>true</Active>
							<Format>NTFS</Format>
							<Label>OS</Label>
							<Letter>C</Letter>
							<Order>2</Order>
							<PartitionID>2</PartitionID>
						</ModifyPartition>
					</ModifyPartitions>
					<DiskID>0</DiskID>
					<WillWipeDisk>true</WillWipeDisk>
				</Disk>
			</DiskConfiguration>
			<ImageInstall>
				<OSImage>
					<InstallTo>
						<DiskID>0</DiskID>
						<PartitionID>2</PartitionID>
					</InstallTo>
					<InstallToAvailablePartition>false</InstallToAvailablePartition>
				</OSImage>
			</ImageInstall>
			<UserData>
				<AcceptEula>true</AcceptEula>
				<FullName>LabUser</FullName>
				<Organization>Adam the Automator, LLC</Organization>
			</UserData>
			<EnableFirewall>false</EnableFirewall>
		</component>
	</settings>
	<settings pass="offlineServicing">
		<component name="Microsoft-Windows-LUA-Settings" processorArchitecture="amd64" publicKeyToken="31bf3856ad364e35" language="neutral" versionScope="nonSxS" 
			xmlns:wcm="http://schemas.microsoft.com/WMIConfig/2002/State" 
			xmlns:xsi="http://www.w3.org/2001/XMLSchema-instance">
			<EnableLUA>false</EnableLUA>
		</component>
	</settings>
	<settings pass="generalize">
		<component name="Microsoft-Windows-Security-SPP" processorArchitecture="amd64" publicKeyToken="31bf3856ad364e35" language="neutral" versionScope="nonSxS" 
			xmlns:wcm="http://schemas.microsoft.com/WMIConfig/2002/State" 
			xmlns:xsi="http://www.w3.org/2001/XMLSchema-instance">
			<SkipRearm>1</SkipRearm>
		</component>
	</settings>
	<settings pass="specialize">
		<component name="Microsoft-Windows-International-Core" processorArchitecture="amd64" publicKeyToken="31bf3856ad364e35" language="neutral" versionScope="nonSxS" 
			xmlns:wcm="http://schemas.microsoft.com/WMIConfig/2002/State" 
			xmlns:xsi="http://www.w3.org/2001/XMLSchema-instance">
			<InputLocale>0409:00000409</InputLocale>
			<SystemLocale>en-US</SystemLocale>
			<UILanguage>en-US</UILanguage>
			<UILanguageFallback>en-US</UILanguageFallback>
			<UserLocale>en-US</UserLocale>
		</component>
		<component name="Microsoft-Windows-Security-SPP-UX" processorArchitecture="amd64" publicKeyToken="31bf3856ad364e35" language="neutral" versionScope="nonSxS" 
			xmlns:wcm="http://schemas.microsoft.com/WMIConfig/2002/State" 
			xmlns:xsi="http://www.w3.org/2001/XMLSchema-instance">
			<SkipAutoActivation>true</SkipAutoActivation>
		</component>
		<component name="Microsoft-Windows-SQMApi" processorArchitecture="amd64" publicKeyToken="31bf3856ad364e35" language="neutral" versionScope="nonSxS" 
			xmlns:wcm="http://schemas.microsoft.com/WMIConfig/2002/State" 
			xmlns:xsi="http://www.w3.org/2001/XMLSchema-instance">
			<CEIPEnabled>0</CEIPEnabled>
		</component>
		<component name="Microsoft-Windows-Shell-Setup" processorArchitecture="amd64" publicKeyToken="31bf3856ad364e35" language="neutral" versionScope="nonSxS" 
			xmlns:wcm="http://schemas.microsoft.com/WMIConfig/2002/State" 
			xmlns:xsi="http://www.w3.org/2001/XMLSchema-instance">
			<ComputerName>XXXXXXXX</ComputerName>
			<ProductKey>BYX7H-N2QRD-CRCJ9-BJ7K4-368FY</ProductKey>
		</component>
	</settings>
	<settings pass="oobeSystem">
		<component name="Microsoft-Windows-Shell-Setup" processorArchitecture="amd64" publicKeyToken="31bf3856ad364e35" language="neutral" versionScope="nonSxS" 
			xmlns:wcm="http://schemas.microsoft.com/WMIConfig/2002/State" 
			xmlns:xsi="http://www.w3.org/2001/XMLSchema-instance">
			<AutoLogon>
				<Password>
					<Value>p@$$w0rd12</Value>
					<PlainText>true</PlainText>
				</Password>
				<Enabled>true</Enabled>
				<Username>LabUser</Username>
			</AutoLogon>
			<OOBE>
				<HideEULAPage>true</HideEULAPage>
				<HideOEMRegistrationScreen>true</HideOEMRegistrationScreen>
				<HideOnlineAccountScreens>true</HideOnlineAccountScreens>
				<HideWirelessSetupInOOBE>true</HideWirelessSetupInOOBE>
				<NetworkLocation>Work</NetworkLocation>
				<ProtectYourPC>2</ProtectYourPC>
				<SkipUserOOBE>true</SkipUserOOBE>
				<SkipMachineOOBE>true</SkipMachineOOBE>
			</OOBE>
			<UserAccounts>
				<LocalAccounts>
					<LocalAccount wcm:action="add">
						<Password>
							<Value>p@$$w0rd12</Value>
							<PlainText>true</PlainText>
						</Password>
						<Description></Description>
						<DisplayName>LabUser</DisplayName>
						<Group>Administrators</Group>
						<Name>LabUser</Name>
					</LocalAccount>
				</LocalAccounts>
			</UserAccounts>
			<RegisteredOrganization>Adam the Automator, LLC</RegisteredOrganization>
			<RegisteredOwner>LabUser</RegisteredOwner>
			<DisableAutoDaylightTimeSet>false</DisableAutoDaylightTimeSet>
			<TimeZone>Central Standard Time</TimeZone>
			<VisualEffects>
				<SystemDefaultBackgroundColor>2</SystemDefaultBackgroundColor>
			</VisualEffects>
		</component>
		<component name="Microsoft-Windows-ehome-reg-inf" processorArchitecture="x86" publicKeyToken="31bf3856ad364e35" language="neutral" versionScope="NonSxS" 
			xmlns:wcm="http://schemas.microsoft.com/WMIConfig/2002/State" 
			xmlns:xsi="http://www.w3.org/2001/XMLSchema-instance">
			<RestartEnabled>true</RestartEnabled>
		</component>
		<component name="Microsoft-Windows-ehome-reg-inf" processorArchitecture="amd64" publicKeyToken="31bf3856ad364e35" language="neutral" versionScope="NonSxS" 
			xmlns:wcm="http://schemas.microsoft.com/WMIConfig/2002/State" 
			xmlns:xsi="http://www.w3.org/2001/XMLSchema-instance">
			<RestartEnabled>true</RestartEnabled>
		</component>
	</settings>
</unattend>


